{
  "project_info": {
    "project_number": "1030109788006",
    "project_id": "huevos-villa-real",
    "storage_bucket": "huevos-villa-real.appspot.com"
  },
  "client": [
    {
      "client_info": {
        "mobilesdk_app_id": "1:1030109788006:android:1652417304d3bf1f89faa7",
        "android_client_info": {
          "package_name": "com.example.huevos_villa_real"
        }
      },
      "oauth_client": [
        {
          "client_id": "1030109788006-367bolt5te25esp9l2icpaf41atmjd0u.apps.googleusercontent.com",
          "client_type": 3
        }
      ],
      "api_key": [
        {
          "current_key": "AIzaSyC3CgoBSbJWUOhWmXRW3RNA7SjNVBp3j5w"
        }
      ],
      "services": {
        "appinvite_service": {
          "other_platform_oauth_client": [
            {
              "client_id": "1030109788006-367bolt5te25esp9l2icpaf41atmjd0u.apps.googleusercontent.com",
              "client_type": 3
            }
          ]
        }
      }
    }
  ],
  "configuration_version": "1"
}